P10_001N,P10_002N,P10_003N,P10_004N,P10_005N,P10_006N,P10_007N,P10_008N,P10_009N,state,county,tract,block group
5,5,5,0,0,0,0,0,0,42,101,037800,3
576,521,248,186,9,58,0,20,55,42,101,037700,3
0,0,0,0,0,0,0,0,0,42,101,037800,1
686,662,588,24,1,25,0,24,24,42,101,037800,2
0,0,0,0,0,0,0,0,0,42,101,037800,4
511,447,370,29,6,11,0,31,64,42,101,037800,5
5,5,0,1,0,0,0,4,0,42,101,037800,6
9,6,5,1,0,0,0,0,3,42,101,037800,7
843,816,708,36,2,48,0,22,27,42,101,037800,8
601,572,527,4,2,8,0,31,29,42,101,037900,1
663,640,48,583,5,0,0,4,23,42,101,038900,1
1149,1043,94,485,15,131,0,318,106,42,101,029000,1
2155,1966,196,874,15,377,0,504,189,42,101,029000,2
1307,1211,124,496,16,292,1,282,96,42,101,029000,3
520,478,54,264,2,72,0,86,42,42,101,029100,1
1282,1210,93,570,13,282,0,252,72,42,101,029100,2
1037,954,133,249,2,357,0,213,83,42,101,029100,3
592,542,34,164,3,172,0,169,50,42,101,029100,4
1592,1403,184,480,14,166,3,556,189,42,101,029200,1
981,868,218,332,6,65,0,247,113,42,101,029200,2
595,549,130,287,2,17,2,111,46,42,101,029200,3
834,775,246,309,15,17,1,187,59,42,101,029300,1
1286,1165,328,424,16,21,5,371,121,42,101,029300,2
566,504,83,287,6,6,0,122,62,42,101,029400,1
1019,912,273,355,9,11,0,264,107,42,101,029400,2
818,753,212,322,4,35,0,180,65,42,101,029400,3
736,689,208,300,2,6,2,171,47,42,101,029800,1
792,707,178,315,7,20,2,185,85,42,101,029800,2
576,539,204,191,0,7,2,135,37,42,101,029800,3
770,705,249,245,9,35,1,166,65,42,101,029800,4
564,503,154,213,8,12,4,112,61,42,101,029800,5
840,778,86,525,7,6,0,154,62,42,101,029900,1
851,833,804,10,2,5,0,12,18,42,101,037900,2
679,655,562,27,1,36,0,29,24,42,101,037900,3
618,598,566,18,0,8,2,4,20,42,101,037900,4
700,669,643,11,3,7,1,4,31,42,101,037900,5
859,816,752,14,1,28,0,21,43,42,101,037900,6
916,822,560,86,1,21,0,154,94,42,101,038000,1
952,868,533,139,7,25,2,162,84,42,101,038000,2
565,541,296,145,5,7,0,88,24,42,101,038100,1
666,615,387,100,0,8,2,118,51,42,101,038200,1
641,598,468,55,2,3,2,68,43,42,101,038200,2
750,684,290,169,4,22,3,196,66,42,101,038200,3
2053,1792,331,528,13,12,3,905,261,42,101,038301,1
873,825,705,77,2,30,0,11,48,42,101,038400,1
1111,1062,886,103,3,64,0,6,49,42,101,038400,2
1591,1512,1380,56,2,56,0,18,79,42,101,038500,1
1092,1019,864,108,0,42,0,5,73,42,101,038600,1
1322,1281,1110,119,1,34,0,17,41,42,101,038700,1
622,613,392,129,0,9,1,82,9,42,101,038700,2
642,596,350,217,0,12,1,16,46,42,101,038800,1
920,871,632,196,2,33,2,6,49,42,101,038800,2
648,595,338,232,2,14,1,8,53,42,101,038800,3
977,914,571,284,3,43,0,13,63,42,101,038800,4
494,480,0,467,2,0,0,11,14,42,101,009500,1
925,899,23,856,0,3,0,17,26,42,101,009400,2
449,436,2,410,0,23,0,1,13,42,101,009400,3
947,910,29,865,1,7,0,8,37,42,101,009400,4
637,618,12,591,7,0,0,8,19,42,101,009500,2
1274,1214,7,1174,9,9,0,15,60,42,101,009500,3
906,873,11,829,0,2,0,31,33,42,101,009600,1
549,510,15,468,0,20,0,7,39,42,101,009600,2
626,608,11,587,5,1,0,4,18,42,101,009600,3
573,547,14,520,0,9,0,4,26,42,101,009600,4
565,541,18,509,0,7,0,7,24,42,101,009600,5
785,754,95,631,0,13,0,15,31,42,101,009801,1
927,888,77,774,0,29,0,8,39,42,101,009801,2
1430,1393,105,1253,0,18,0,17,37,42,101,009802,1
1513,1465,133,1290,4,21,0,17,48,42,101,009802,2
1275,1231,116,1068,2,26,0,19,44,42,101,009802,3
1079,1031,110,887,6,10,0,18,48,42,101,010000,1
569,561,38,497,4,12,0,10,8,42,101,010000,2
542,520,31,476,0,2,0,11,22,42,101,010000,3
1269,1232,76,1123,4,22,0,7,37,42,101,010000,4
652,625,9,599,1,2,0,14,27,42,101,010100,1
641,622,7,598,2,10,0,5,19,42,101,010100,2
554,541,8,517,3,4,0,9,13,42,101,010100,3
703,666,24,605,1,6,0,30,37,42,101,010100,4
515,499,19,467,1,1,0,11,16,42,101,010100,5
754,733,8,713,0,4,0,8,21,42,101,010100,6
543,524,9,486,2,8,0,19,19,42,101,010100,7
562,537,9,521,1,0,0,6,25,42,101,010200,1
779,746,14,715,2,6,0,9,33,42,101,010200,2
931,902,9,883,1,2,0,7,29,42,101,010200,3
1008,973,22,930,4,3,1,13,35,42,101,010300,1
907,873,27,810,3,12,0,21,34,42,101,010300,2
1084,1044,47,959,2,21,0,15,40,42,101,010400,1
683,659,100,546,2,2,0,9,24,42,101,010400,2
591,509,191,133,5,33,1,146,82,42,101,029900,2
562,501,144,196,9,9,2,141,61,42,101,029900,3
1111,991,230,484,10,6,0,261,120,42,101,029900,4
1513,1404,273,712,16,62,3,338,109,42,101,030000,1
1456,1340,282,790,6,34,2,226,116,42,101,030000,2
986,905,224,518,5,16,1,141,81,42,101,030000,3
1387,1276,166,908,8,22,0,172,111,42,101,030000,4
753,681,104,420,2,18,0,137,72,42,101,030100,1
1644,1515,386,904,8,20,1,196,129,42,101,030100,2
547,496,120,254,7,15,0,100,51,42,101,030100,3
590,523,117,265,4,15,0,122,67,42,101,030100,4
1066,970,278,547,4,22,2,117,96,42,101,030100,5
1248,1139,228,630,10,52,0,219,109,42,101,030200,1
880,857,20,822,1,3,0,11,23,42,101,010400,3
1235,1191,53,1086,13,16,2,21,44,42,101,010500,1
462,417,304,38,2,62,0,11,45,42,101,036600,1
2079,1958,1384,259,0,253,0,62,121,42,101,036501,3
2069,1981,1761,65,4,90,0,61,88,42,101,036502,1
1215,1161,1041,34,2,52,0,32,54,42,101,036502,2
376,369,307,9,1,41,0,11,7,42,101,036600,2
804,763,629,29,2,88,0,15,41,42,101,036600,3
349,313,227,44,3,38,0,1,36,42,101,036600,4
255,236,205,14,0,17,0,0,19,42,101,036700,1
1906,1770,1342,239,0,147,0,42,136,42,101,036700,2
1270,1184,954,67,2,129,1,31,86,42,101,036700,3
0,0,0,0,0,0,0,0,0,42,101,036901,1
3,2,2,0,0,0,0,0,1,42,101,036901,2
0,0,0,0,0,0,0,0,0,42,101,036901,3
0,0,0,0,0,0,0,0,0,42,101,036901,4
0,0,0,0,0,0,0,0,0,42,101,036902,1
1795,1632,924,126,3,504,2,73,163,42,101,036902,2
780,750,225,183,1,324,1,16,30,42,101,036902,3
757,688,330,47,1,275,0,35,69,42,101,036902,4
1569,1462,610,253,0,510,0,89,107,42,101,036902,5
1477,1392,626,133,0,608,1,24,85,42,101,036902,6
856,825,713,4,0,92,0,16,31,42,101,037200,1
1236,1200,812,20,1,320,0,47,36,42,101,037200,2
637,622,514,11,1,74,0,22,15,42,101,037200,3
927,891,240,159,11,412,0,69,36,42,101,037200,4
1500,1473,1404,6,0,59,0,4,27,42,101,037300,1
1819,1800,1683,19,1,91,0,6,19,42,101,037300,2
1233,1159,510,454,13,122,0,60,74,42,101,037300,3
426,414,245,33,0,133,0,3,12,42,101,037300,4
1764,1677,667,938,0,43,0,29,87,42,101,037500,1
1583,1526,977,389,0,131,0,29,57,42,101,037500,2
744,698,177,222,17,243,0,39,46,42,101,037600,1
1123,1034,580,164,8,186,1,95,89,42,101,037600,2
1465,1356,847,151,8,316,1,33,109,42,101,037600,3
1307,1287,898,324,6,42,1,16,20,42,101,037700,1
1800,1630,259,932,10,153,0,276,170,42,101,037700,2
686,664,73,581,0,6,0,4,22,42,101,011500,1
699,670,24,632,1,3,0,10,29,42,101,011400,4
1146,1110,9,1075,3,4,1,18,36,42,101,011400,5
814,780,40,708,4,10,1,17,34,42,101,011400,6
894,877,68,802,0,2,0,5,17,42,101,011500,2
905,874,49,794,1,8,0,22,31,42,101,011500,3
729,703,38,648,3,4,0,10,26,42,101,011500,4
988,971,610,59,11,232,2,57,17,42,101,011700,1
782,734,228,479,1,16,0,10,48,42,101,011700,2
662,635,82,541,4,5,2,1,27,42,101,011800,1
843,829,22,796,0,7,0,4,14,42,101,011800,2
882,862,13,836,4,1,0,8,20,42,101,011800,3
480,465,7,440,0,0,0,18,15,42,101,011800,4
1084,1039,52,963,2,8,0,14,45,42,101,011800,5
549,521,37,477,5,0,0,2,28,42,101,011800,6
1016,979,29,925,1,11,0,13,37,42,101,011900,1
1310,1249,53,1176,4,14,0,2,61,42,101,011900,2
697,668,6,644,0,7,0,11,29,42,101,011900,3
464,450,88,323,0,37,0,2,14,42,101,011900,4
452,442,10,431,1,0,0,0,10,42,101,011900,5
1733,1655,516,897,4,198,0,40,78,42,101,012000,1
1434,1385,349,988,0,27,0,21,49,42,101,012100,1
1064,994,263,609,3,94,1,24,70,42,101,012100,2
1186,1119,376,546,3,172,0,22,67,42,101,012201,1
736,700,324,276,3,69,0,28,36,42,101,012201,2
850,788,192,471,0,103,0,22,62,42,101,012201,3
618,562,265,136,0,151,1,9,56,42,101,012203,1
24,15,0,5,1,7,2,0,9,42,101,012204,1
1181,1141,247,834,0,41,0,19,40,42,101,012204,2
853,807,117,633,2,33,3,19,46,42,101,012204,3
1235,1181,253,851,0,59,0,18,54,42,101,012204,4
1435,1330,975,99,0,237,0,19,105,42,101,012501,1
3,3,0,3,0,0,0,0,0,42,101,012501,2
602,560,361,44,0,144,3,8,42,42,101,012501,3
1493,1413,888,245,5,169,0,106,80,42,101,034702,1
1570,1494,729,301,4,369,0,91,76,42,101,034701,2
1784,1601,946,266,3,257,0,129,183,42,101,034701,3
1324,1273,808,127,8,279,0,51,51,42,101,034701,4
884,837,763,18,1,34,0,21,47,42,101,034702,2
739,696,645,12,1,16,0,22,43,42,101,034702,3
1032,1007,981,5,0,10,1,10,25,42,101,034801,1
1364,1287,1018,125,1,55,1,87,77,42,101,034801,2
1281,1222,1040,120,1,20,5,36,59,42,101,034801,3
1941,1828,798,785,2,64,0,179,113,42,101,034802,1
1143,1057,748,190,0,48,0,71,86,42,101,034802,2
1237,1122,975,48,4,47,0,48,115,42,101,034802,3
946,894,817,20,0,32,0,25,52,42,101,034803,1
1984,1889,1507,194,4,107,0,77,95,42,101,034803,2
706,665,521,62,4,48,1,29,41,42,101,034803,3
830,744,369,228,10,51,1,85,86,42,101,034900,1
1898,1771,1105,349,4,185,0,128,127,42,101,034900,2
702,641,387,152,7,28,0,67,61,42,101,034900,3
969,916,543,265,2,51,0,55,53,42,101,034900,4
868,850,740,70,2,21,0,17,18,42,101,035100,1
1185,1100,956,57,1,54,1,31,85,42,101,035100,2
1865,1829,1628,122,0,35,0,44,36,42,101,035100,3
1903,1832,1493,143,4,147,3,42,71,42,101,035200,1
765,749,676,22,0,37,1,13,16,42,101,035200,2
1401,1343,1185,56,2,65,1,34,58,42,101,035200,3
1976,1875,1520,161,1,97,0,96,101,42,101,035301,1
1546,1457,1297,70,4,44,0,42,89,42,101,035301,2
657,637,555,28,3,39,1,11,20,42,101,035301,3
1735,1659,1299,204,6,81,0,69,76,42,101,035302,1
2105,1968,1600,195,4,88,0,81,137,42,101,035302,2
2392,2294,1539,129,4,521,1,100,98,42,101,035500,1
1688,1559,1157,103,1,242,0,56,129,42,101,035500,2
2386,2256,1572,124,2,463,0,95,130,42,101,035500,3
1870,1796,1433,48,1,271,0,43,74,42,101,035601,1
1356,1254,927,30,2,258,0,37,102,42,101,035601,2
638,630,520,20,2,76,0,12,8,42,101,035601,3
969,950,804,10,0,130,0,6,19,42,101,035601,4
1199,1156,646,21,0,466,0,23,43,42,101,035602,1
1197,1125,809,228,0,70,0,18,72,42,101,021800,2
788,766,619,98,0,37,0,12,22,42,101,021700,3
841,795,747,25,3,11,0,9,46,42,101,021700,4
1741,1631,1139,360,3,69,0,60,110,42,101,021800,1
825,785,363,375,2,38,0,7,40,42,101,021800,3
1263,1198,1011,111,0,57,0,19,65,42,101,021900,1
1269,1235,1021,136,0,68,0,10,34,42,101,022000,1
1201,1155,230,883,5,16,0,21,46,42,101,024100,1
518,482,169,299,0,6,1,7,36,42,101,024200,1
837,821,90,693,4,3,0,31,16,42,101,024200,2
866,808,87,672,1,7,1,40,58,42,101,024200,3
927,906,94,778,0,2,0,32,21,42,101,024200,4
669,643,97,511,4,13,1,17,26,42,101,024300,1
1114,1051,170,849,0,15,2,15,63,42,101,024300,2
725,701,59,613,6,10,0,13,24,42,101,024300,3
525,503,80,408,0,8,0,7,22,42,101,024300,4
619,593,45,531,5,1,2,9,26,42,101,024400,1
718,670,55,605,1,1,0,8,48,42,101,024400,2
1039,986,891,42,4,35,2,12,53,42,101,023100,1
928,873,574,252,0,34,0,13,55,42,101,023500,1
1448,1354,723,573,1,31,1,25,94,42,101,023600,1
816,762,565,167,1,17,2,10,54,42,101,023600,2
1812,1693,662,971,1,27,0,32,119,42,101,023700,1
774,737,259,458,1,8,0,11,37,42,101,023700,2
1470,1380,450,867,3,36,0,24,90,42,101,023700,3
640,604,186,395,1,6,0,16,36,42,101,023800,1
642,585,279,275,3,14,0,14,57,42,101,023800,2
736,679,258,399,3,7,0,12,57,42,101,023800,3
785,749,273,441,0,18,0,17,36,42,101,023800,4
954,914,294,590,0,13,0,17,40,42,101,023800,5
916,860,182,644,4,14,0,16,56,42,101,023900,1
819,777,370,210,1,158,0,38,42,42,101,023900,2
1423,1340,320,944,5,25,3,43,83,42,101,024000,1
1701,1604,565,892,8,124,2,13,97,42,101,024000,2
0,0,0,0,0,0,0,0,0,42,101,980701,4
0,0,0,0,0,0,0,0,0,42,101,980701,1
0,0,0,0,0,0,0,0,0,42,101,980701,2
0,0,0,0,0,0,0,0,0,42,101,980701,3
6,5,3,2,0,0,0,0,1,42,101,980702,1
10,7,4,3,0,0,0,0,3,42,101,980800,1
25,23,4,16,0,3,0,0,2,42,101,980901,1
0,0,0,0,0,0,0,0,0,42,101,980901,2
0,0,0,0,0,0,0,0,0,42,101,980901,3
1,0,0,0,0,0,0,0,1,42,101,980901,4
0,0,0,0,0,0,0,0,0,42,101,980901,5
8,7,0,3,1,3,0,0,1,42,101,980901,6
0,0,0,0,0,0,0,0,0,42,101,980901,7
1,1,1,0,0,0,0,0,0,42,101,980901,8
0,0,0,0,0,0,0,0,0,42,101,980902,1
6,3,0,3,0,0,0,0,3,42,101,980903,1
1,0,0,0,0,0,0,0,1,42,101,980904,1
0,0,0,0,0,0,0,0,0,42,101,989200,4
0,0,0,0,0,0,0,0,0,42,101,989200,5
0,0,0,0,0,0,0,0,0,42,101,989200,6
0,0,0,0,0,0,0,0,0,42,101,989200,7
1,1,1,0,0,0,0,0,0,42,101,989300,1
56,54,22,18,0,0,0,14,2,42,101,989300,2
0,0,0,0,0,0,0,0,0,42,101,980905,1
0,0,0,0,0,0,0,0,0,42,101,980906,1
1846,1846,188,1333,0,12,0,313,0,42,101,989100,1
1,1,0,0,0,1,0,0,0,42,101,989100,2
1819,1804,141,1360,0,18,0,285,15,42,101,989100,3
0,0,0,0,0,0,0,0,0,42,101,989100,4
0,0,0,0,0,0,0,0,0,42,101,989200,1
2,2,1,1,0,0,0,0,0,42,101,989200,2
0,0,0,0,0,0,0,0,0,42,101,989200,3
806,765,67,625,5,42,5,21,41,42,101,008500,6
718,688,166,473,2,39,0,8,30,42,101,008500,3
598,562,54,488,7,11,0,2,36,42,101,008500,4
931,889,64,768,7,31,0,19,42,42,101,008500,5
1010,973,37,871,15,40,3,7,37,42,101,008500,7
986,895,385,390,6,77,0,37,91,42,101,008601,1
1780,1668,1067,296,4,256,0,45,112,42,101,008601,2
1244,1130,314,602,4,171,0,39,114,42,101,008602,1
996,941,337,543,2,48,0,11,55,42,101,008602,2
687,655,172,435,3,26,0,19,32,42,101,008602,3
1025,953,724,85,4,123,0,17,72,42,101,008701,1
1089,1022,602,111,5,282,0,22,67,42,101,008701,2
1639,1532,707,300,1,455,0,69,107,42,101,008701,3
722,659,260,130,0,254,0,15,63,42,101,008702,1
1048,987,529,64,0,353,0,41,61,42,101,008702,2
1344,1255,802,97,0,342,0,14,89,42,101,008702,3
1557,1456,593,144,5,677,3,34,101,42,101,008801,1
963,846,533,53,0,232,2,26,117,42,101,008802,1
1273,1221,412,176,0,617,0,16,52,42,101,008802,2
1139,1017,654,64,1,264,0,34,122,42,101,008802,3
1801,1672,625,331,4,632,0,80,129,42,101,008802,4
1025,931,517,67,0,323,2,22,94,42,101,008802,5
2294,2240,1361,191,0,558,0,130,54,42,101,009000,1
1791,1670,1171,192,0,255,0,52,121,42,101,009000,2
3398,3289,2150,290,0,701,0,148,109,42,101,009000,3
933,891,472,193,1,184,0,41,42,42,101,009100,1
1319,1243,603,258,0,358,1,23,76,42,101,009100,2
1422,1350,349,602,3,360,1,35,72,42,101,009100,3
1318,1254,219,844,5,155,3,28,64,42,101,009200,1
1951,1840,627,786,3,364,1,59,111,42,101,009200,2
471,453,27,402,0,10,0,14,18,42,101,009300,1
664,628,27,577,0,8,0,16,36,42,101,009300,2
588,553,66,463,5,8,0,11,35,42,101,009300,3
608,580,29,528,4,6,0,13,28,42,101,009300,4
910,874,25,829,1,8,0,11,36,42,101,009300,5
456,421,1,395,1,10,0,14,35,42,101,009400,1
1116,1017,587,145,1,198,0,86,99,42,101,033702,1
891,805,517,63,3,168,0,54,86,42,101,033701,2
559,526,435,30,0,49,1,11,33,42,101,033701,3
1465,1322,942,138,2,142,2,96,143,42,101,033701,4
1812,1686,1112,161,1,302,0,110,126,42,101,033702,2
832,763,439,74,5,196,0,49,69,42,101,033702,3
672,624,388,52,0,148,0,36,48,42,101,033702,4
1479,1333,732,284,5,154,0,158,146,42,101,033800,1
1908,1821,1214,302,4,113,0,188,87,42,101,033800,2
1549,1439,1015,171,2,139,0,112,110,42,101,033800,3
1053,1000,841,67,0,51,0,41,53,42,101,033900,1
1387,1312,807,311,4,77,0,113,75,42,101,033900,2
880,812,702,48,2,41,0,19,68,42,101,034000,1
890,846,570,66,0,134,0,76,44,42,101,034000,2
572,535,426,37,0,39,0,33,37,42,101,034000,3
1337,1277,1061,119,2,57,0,38,60,42,101,034100,1
1401,1309,1010,168,3,49,0,79,92,42,101,034100,2
1026,977,835,48,1,63,0,30,49,42,101,034100,3
900,873,773,37,2,22,0,39,27,42,101,034100,4
1300,1261,985,153,0,103,0,20,39,42,101,034200,1
1809,1726,1384,186,3,103,0,50,83,42,101,034200,2
1463,1438,974,125,0,303,0,36,25,42,101,034400,1
1368,1290,1012,91,1,141,0,45,78,42,101,034400,2
1742,1666,1073,67,2,475,0,49,76,42,101,034400,3
1730,1669,1409,35,1,194,0,30,61,42,101,034400,4
1625,1533,980,249,3,220,0,81,92,42,101,034501,1
1521,1418,847,230,3,262,0,76,103,42,101,034501,2
1074,1021,678,176,1,148,0,18,53,42,101,034502,1
2142,1982,1233,329,6,318,0,96,160,42,101,034502,2
1433,1329,718,366,5,182,0,58,104,42,101,034502,3
1096,1011,298,354,4,250,2,103,85,42,101,034600,1
1274,1221,762,278,5,115,1,60,53,42,101,034600,2
771,707,460,70,4,116,0,57,64,42,101,034701,1
1284,1217,628,45,18,304,0,222,67,42,101,004103,1
1798,1701,345,126,21,881,0,328,97,42,101,004103,2
1093,1048,602,37,4,290,0,115,45,42,101,004104,1
2294,2176,740,186,18,875,1,356,118,42,101,004104,2
577,547,511,9,0,16,0,11,30,42,101,004201,1
1711,1649,1248,75,0,243,0,83,62,42,101,004201,2
672,639,625,2,0,6,0,6,33,42,101,004201,3
1402,1348,1024,78,3,154,0,89,54,42,101,004201,4
1192,1155,908,58,2,158,0,29,37,42,101,004202,1
1165,1118,595,113,6,323,2,79,47,42,101,004202,2
1105,1079,798,38,6,202,0,35,26,42,101,004202,3
703,673,547,16,1,87,0,22,30,42,101,004202,4
1002,963,138,745,5,63,1,11,39,42,101,005400,1
1486,1447,141,1222,1,54,0,29,39,42,101,005500,1
686,657,21,613,3,0,0,20,29,42,101,007000,1
2100,2021,1935,7,1,54,0,24,79,42,101,003902,2
1538,1470,1290,62,6,81,0,31,68,42,101,003901,3
1356,1279,618,194,1,396,0,70,77,42,101,003901,4
1218,1157,1045,38,2,49,1,22,61,42,101,003902,1
1462,1424,1355,6,3,55,0,5,38,42,101,003902,3
1135,1088,865,20,9,126,0,68,47,42,101,004001,1
1105,1070,854,36,14,120,1,45,35,42,101,004001,2
803,768,588,35,3,121,0,21,35,42,101,004001,3
833,794,667,14,1,93,1,18,39,42,101,004001,4
1174,1111,872,18,2,127,1,91,63,42,101,004002,1
1298,1256,951,18,0,223,0,64,42,42,101,004002,2
1047,999,884,8,1,80,5,21,48,42,101,004002,3
910,881,808,5,3,51,0,14,29,42,101,004002,4
615,588,269,23,11,182,1,102,27,42,101,004101,1
690,654,195,57,7,232,0,163,36,42,101,004101,2
2536,2363,843,437,37,555,0,491,173,42,101,004101,3
879,833,154,86,11,511,0,71,46,42,101,004101,4
750,709,191,170,10,226,1,111,41,42,101,004101,5
686,611,245,173,21,7,0,165,75,42,101,018801,2
746,666,254,233,6,10,0,163,80,42,101,018801,1
619,565,181,161,10,18,0,195,54,42,101,018801,3
1140,1017,283,278,6,33,0,417,123,42,101,018801,4
978,887,278,299,12,7,0,291,91,42,101,018802,1
681,617,153,228,3,22,0,211,64,42,101,018802,2
831,737,173,238,15,11,0,300,94,42,101,018802,3
1223,1090,233,220,8,45,1,583,133,42,101,019000,1
1021,915,145,207,7,67,3,486,106,42,101,019000,2
1099,940,142,206,4,82,1,505,159,42,101,019000,3
961,807,210,167,12,94,1,323,154,42,101,019000,4
1146,1041,262,265,7,42,0,465,105,42,101,019000,5
1246,1087,278,164,11,146,0,488,159,42,101,019100,1
655,524,167,49,7,81,0,220,131,42,101,019100,2
1301,1145,273,87,8,290,0,487,156,42,101,019100,3
1265,1122,228,200,10,116,0,568,143,42,101,019100,4
1640,1480,331,241,8,133,4,763,160,42,101,019100,5
1020,932,206,183,4,89,0,450,88,42,101,019200,1
901,773,198,222,8,22,0,323,128,42,101,019200,2
922,803,161,196,7,14,0,425,119,42,101,019200,3
1199,1068,241,335,19,56,0,417,131,42,101,019200,4
1260,1095,217,204,15,39,0,620,165,42,101,019200,5
1302,1081,186,130,21,9,1,734,221,42,101,019501,1
1185,989,193,146,8,10,0,632,196,42,101,019501,2
949,806,127,131,19,4,2,523,143,42,101,019501,3
752,570,99,93,10,2,0,366,182,42,101,019502,1
1117,916,174,141,11,16,0,574,201,42,101,019502,2
625,479,85,109,5,8,0,272,146,42,101,019502,3
967,832,105,222,8,10,1,486,135,42,101,019700,1
792,676,75,223,11,10,3,354,116,42,101,019700,2
630,548,54,195,6,16,0,277,82,42,101,019700,3
750,648,105,208,5,6,0,324,102,42,101,019700,4
605,516,22,231,3,7,2,251,89,42,101,019700,5
884,773,111,292,7,23,2,338,111,42,101,019700,6
575,473,89,84,11,16,0,273,102,42,101,017702,1
899,792,159,213,13,31,0,376,107,42,101,017701,1
713,632,108,255,9,23,2,235,81,42,101,017701,2
831,754,119,218,1,35,0,381,77,42,101,017701,3
778,690,156,127,19,26,2,360,88,42,101,017702,2
595,535,72,161,5,20,0,277,60,42,101,017702,3
684,616,106,139,17,9,0,345,68,42,101,017702,4
634,533,103,103,6,7,0,314,101,42,101,017702,5
874,778,220,210,9,37,0,302,96,42,101,017800,1
1016,899,213,297,8,48,2,331,117,42,101,017800,2
1311,1200,398,354,8,27,3,410,111,42,101,017800,3
1199,1079,393,304,10,27,0,345,120,42,101,017800,4
536,456,130,139,7,8,0,172,80,42,101,017900,1
1233,1126,749,181,7,47,0,142,107,42,101,017900,2
616,559,349,92,2,9,1,106,57,42,101,017900,3
1126,1037,569,196,9,13,4,246,89,42,101,017900,4
808,688,216,237,3,29,1,202,120,42,101,017900,5
633,602,529,20,0,41,1,11,31,42,101,018001,1
658,615,542,27,3,3,1,39,43,42,101,018001,2
719,689,622,18,4,14,1,30,30,42,101,018001,3
1186,1149,1061,30,4,18,0,36,37,42,101,018002,1
956,896,846,11,2,8,0,29,60,42,101,018002,2
1589,1509,1405,49,2,26,0,27,80,42,101,018002,3
701,672,620,22,3,11,0,16,29,42,101,018002,4
528,506,498,4,0,1,1,2,22,42,101,018300,1
1026,997,963,14,0,4,0,16,29,42,101,018300,2
1229,1187,1167,5,0,3,0,12,42,42,101,018300,3
619,598,571,2,0,13,0,12,21,42,101,018300,4
520,493,480,3,4,0,0,6,27,42,101,018400,1
1213,1164,1124,5,2,9,0,24,49,42,101,018400,2
505,483,16,447,6,6,0,8,22,42,101,007000,2
618,597,7,584,1,5,0,0,21,42,101,007000,3
456,455,0,429,4,7,0,15,1,42,101,007000,4
618,585,22,544,5,3,0,11,33,42,101,007000,5
590,570,13,531,1,11,0,14,20,42,101,007101,1
675,645,26,593,2,11,0,13,30,42,101,007101,2
554,532,81,446,2,3,0,0,22,42,101,007101,3
721,687,37,631,0,8,0,11,34,42,101,007102,1
864,823,20,785,4,0,0,14,41,42,101,007102,2
691,657,14,632,0,2,0,9,34,42,101,007102,3
614,594,18,557,6,0,0,13,20,42,101,007102,4
577,550,7,529,1,4,0,9,27,42,101,007102,5
676,650,6,634,1,3,0,6,26,42,101,007200,1
582,564,34,510,1,3,0,16,18,42,101,007200,2
428,422,10,396,1,3,0,12,6,42,101,007200,3
490,480,9,458,1,8,0,4,10,42,101,007200,4
552,532,11,521,0,0,0,0,20,42,101,007200,5
702,685,35,622,1,11,0,16,17,42,101,007200,6
706,678,144,504,0,18,0,12,28,42,101,007300,1
597,573,73,487,0,3,0,10,24,42,101,007300,2
530,492,124,338,6,12,0,12,38,42,101,007300,3
727,698,172,481,0,30,2,13,29,42,101,007300,4
589,560,178,297,0,72,2,11,29,42,101,007400,1
591,544,141,357,2,28,3,13,47,42,101,007400,2
574,554,77,456,2,11,0,8,20,42,101,007400,3
1059,994,74,877,1,15,1,26,65,42,101,007400,4
497,469,6,455,0,5,0,3,28,42,101,007400,5
1589,1490,821,187,4,437,2,39,99,42,101,007700,1
557,518,171,269,5,65,0,8,39,42,101,007700,2
791,737,399,264,6,45,0,23,54,42,101,007800,1
507,464,303,116,0,26,0,19,43,42,101,007800,2
738,693,447,200,3,38,0,5,45,42,101,007800,3
870,805,614,120,3,49,1,18,65,42,101,007800,4
1015,926,652,150,0,104,0,20,89,42,101,007800,5
521,489,4,482,1,0,0,2,32,42,101,026500,3
487,482,10,472,0,0,0,0,5,42,101,026500,1
739,710,6,698,0,0,0,6,29,42,101,026500,2
717,694,5,674,2,0,0,13,23,42,101,026500,4
923,902,17,866,3,0,0,16,21,42,101,026500,5
2090,2031,20,1983,2,5,0,21,59,42,101,026600,1
1201,1184,13,1136,7,10,0,18,17,42,101,026600,2
1759,1711,4,1696,1,1,0,9,48,42,101,026600,3
2001,1957,32,1880,6,11,0,28,44,42,101,026700,1
1682,1643,15,1576,8,10,0,34,39,42,101,026700,2
716,689,9,676,0,0,0,4,27,42,101,026700,3
638,620,9,597,1,1,0,12,18,42,101,026700,4
1413,1360,106,1167,6,30,0,51,53,42,101,026800,1
631,608,51,501,0,30,0,26,23,42,101,026800,2
699,647,23,564,7,13,1,39,52,42,101,026800,3
983,925,35,859,1,14,0,16,58,42,101,026800,4
683,653,124,493,1,12,0,23,30,42,101,026900,1
1146,1106,177,819,10,48,0,52,40,42,101,026900,2
598,569,114,354,0,79,0,22,29,42,101,027000,1
1260,1198,78,1081,2,20,0,17,62,42,101,027000,2
662,633,53,422,4,124,0,30,29,42,101,027100,1
672,656,38,405,1,189,1,22,16,42,101,027100,2
566,541,12,337,6,157,0,29,25,42,101,027100,3
677,660,32,586,0,29,0,13,17,42,101,027200,1
1482,1436,61,1216,4,43,0,112,46,42,101,027200,2
1215,1159,86,820,4,172,0,77,56,42,101,027200,3
689,640,39,362,2,161,0,76,49,42,101,027300,1
1179,1104,83,669,0,203,0,149,75,42,101,027300,2
1084,1016,617,244,4,28,0,123,68,42,101,032900,1
980,916,410,383,3,33,0,87,64,42,101,032900,2
1314,1216,721,260,8,70,0,157,98,42,101,032900,3
556,497,340,78,5,24,0,50,59,42,101,033000,1
563,535,339,106,2,33,0,55,28,42,101,033000,2
823,761,445,168,9,49,1,89,62,42,101,033000,3
1355,1244,506,488,11,54,2,183,111,42,101,033000,4
1064,990,518,261,4,42,5,160,74,42,101,033000,5
877,852,32,798,5,8,0,9,25,42,101,015101,2
526,504,56,441,2,5,0,0,22,42,101,014900,5
563,537,63,465,1,3,0,5,26,42,101,014900,6
756,737,39,676,2,6,0,14,19,42,101,015101,1
1143,1086,20,1043,3,7,0,13,57,42,101,015102,1
555,535,17,484,4,6,0,24,20,42,101,015102,2
1426,1382,32,1304,4,8,0,34,44,42,101,015102,3
1620,1561,104,1371,9,25,0,52,59,42,101,015200,1
932,891,42,815,1,10,0,23,41,42,101,015200,2
1090,1048,9,1002,4,7,0,26,42,42,101,015200,3
2606,2563,1413,639,6,328,40,137,43,42,101,015300,1
885,835,335,432,4,27,0,37,50,42,101,015300,2
885,849,333,427,1,53,0,35,36,42,101,015300,3
2668,2499,1423,856,12,134,1,73,169,42,101,015300,4
859,793,391,192,14,37,1,158,66,42,101,015600,1
688,554,172,146,13,13,0,210,134,42,101,015600,2
794,733,429,150,2,43,1,108,61,42,101,033000,6
592,541,291,119,4,21,3,103,51,42,101,033000,7
2289,2108,1528,234,3,158,0,185,181,42,101,033101,1
1605,1504,896,216,3,214,0,175,101,42,101,033101,2
863,808,559,168,1,23,0,57,55,42,101,033102,1
865,786,543,114,4,27,0,98,79,42,101,033102,2
603,538,381,55,2,26,0,74,65,42,101,033102,3
1092,1037,862,72,5,42,0,56,55,42,101,033102,4
1353,1260,587,81,0,442,0,150,93,42,101,033200,1
977,924,458,99,3,239,0,125,53,42,101,033200,2
1420,1363,1001,207,0,84,0,71,57,42,101,033300,1
1241,1199,921,99,0,110,0,69,42,42,101,033300,2
1045,998,605,157,9,141,1,85,47,42,101,033300,3
772,726,382,64,0,214,1,65,46,42,101,033400,1
1331,1218,648,163,1,297,1,108,113,42,101,033400,2
801,732,450,105,8,131,0,38,69,42,101,033400,3
1423,1300,510,297,0,347,0,146,123,42,101,033400,4
1069,952,444,136,2,266,1,103,117,42,101,033500,1
1561,1420,660,208,2,384,1,165,141,42,101,033500,2
646,586,268,76,6,175,0,61,60,42,101,033500,3
1252,1139,648,200,0,199,0,92,113,42,101,033600,1
1741,1558,1023,183,3,200,0,149,183,42,101,033600,2
2043,1862,1084,292,9,238,0,239,181,42,101,033600,3
1133,1028,657,133,1,162,0,75,105,42,101,033600,4
1554,1419,849,263,7,206,0,94,135,42,101,033701,1
592,491,271,60,4,30,0,126,101,42,101,015700,1
750,635,357,61,4,19,0,194,115,42,101,015700,2
1147,1043,785,70,6,59,0,123,104,42,101,015700,3
1188,1116,1000,36,1,45,1,33,72,42,101,015800,1
803,754,704,15,4,20,0,11,49,42,101,015800,2
1031,973,885,11,0,67,0,10,58,42,101,015800,3
630,599,522,15,1,45,0,16,31,42,101,015800,4
1177,1089,1001,37,2,32,1,16,88,42,101,015800,5
851,812,768,8,0,29,0,7,39,42,101,015800,6
1472,1387,1282,32,0,45,0,28,85,42,101,016001,1
813,765,685,26,0,42,0,12,48,42,101,016001,2
550,517,448,21,0,27,1,20,33,42,101,016002,1
854,804,713,22,4,46,1,18,50,42,101,016002,2
334,307,227,29,0,43,0,8,27,42,101,012502,3
808,727,348,179,1,157,7,35,81,42,101,012501,4
925,862,662,35,6,137,0,22,63,42,101,012502,1
1960,1822,1124,343,0,308,0,47,138,42,101,012502,2
704,671,426,103,1,129,0,12,33,42,101,012502,4
942,873,676,34,1,148,0,14,69,42,101,012502,5
814,764,233,424,0,84,0,23,50,42,101,013100,1
500,468,189,235,0,28,0,16,32,42,101,013100,2
930,886,40,806,3,21,0,16,44,42,101,013200,1
127,110,70,29,0,8,0,3,17,42,101,013200,2
955,880,409,204,5,229,0,33,75,42,101,013200,3
585,558,98,370,3,63,0,24,27,42,101,013200,4
1795,1648,962,499,12,138,0,37,147,42,101,013300,1
994,929,699,114,2,91,0,23,65,42,101,013300,2
862,764,529,104,2,70,0,59,98,42,101,013300,3
1247,1221,1137,49,0,34,0,1,26,42,101,013401,1
1482,1377,1197,56,1,110,3,10,105,42,101,013401,2
989,908,729,83,4,51,0,41,81,42,101,013402,1
645,583,407,111,2,26,0,37,62,42,101,013402,2
1609,1521,1223,116,1,142,0,39,88,42,101,013402,3
588,560,351,158,4,15,0,32,28,42,101,013500,1
1836,1709,1117,433,6,95,0,58,127,42,101,013500,2
1126,1057,955,40,0,42,0,20,69,42,101,013500,3
1115,1060,1000,7,0,47,0,6,55,42,101,013601,1
1461,1364,1161,69,1,105,0,28,97,42,101,013601,2
650,619,555,21,2,34,0,7,31,42,101,013602,1
1106,1062,913,77,3,56,2,11,44,42,101,013602,2
904,860,696,73,1,49,0,41,44,42,101,013602,3
610,559,505,22,3,21,1,7,51,42,101,013602,4
652,601,225,314,0,53,0,9,51,42,101,013701,1
1222,1139,693,337,1,87,0,21,83,42,101,013701,2
645,614,257,324,0,12,0,21,31,42,101,013702,1
512,478,144,257,6,55,0,16,34,42,101,003100,3
818,767,354,245,7,97,0,64,51,42,101,003002,4
1180,1096,572,391,4,84,0,45,84,42,101,003100,1
501,474,184,231,1,47,0,11,27,42,101,003100,2
761,713,221,413,2,44,0,33,48,42,101,003100,4
809,780,345,355,2,58,0,20,29,42,101,003100,5
579,537,182,320,0,27,0,8,42,42,101,003100,6
676,649,282,308,5,41,0,13,27,42,101,003200,1
464,424,130,250,1,22,0,21,40,42,101,003200,2
803,760,128,571,3,28,0,30,43,42,101,003200,3
732,692,181,454,4,23,0,30,40,42,101,003200,4
382,371,53,293,1,10,0,14,11,42,101,003200,5
617,587,166,341,4,21,0,55,30,42,101,003200,6
1364,1297,421,691,8,116,0,61,67,42,101,003300,1
492,477,103,315,4,26,0,29,15,42,101,003300,2
544,513,158,297,5,29,0,24,31,42,101,003300,3
926,885,289,439,24,116,0,17,41,42,101,003300,4
774,726,397,271,7,43,0,8,48,42,101,003300,5
680,653,78,519,0,28,2,26,27,42,101,003300,6
1526,1481,497,405,0,550,0,29,45,42,101,003600,1
741,715,153,342,0,187,1,32,26,42,101,003600,2
1582,1507,279,1011,12,157,2,46,75,42,101,003600,3
922,893,128,546,3,170,0,46,29,42,101,003600,4
914,872,325,329,5,181,2,30,42,42,101,003701,1
823,785,234,286,0,221,0,44,38,42,101,003701,2
956,918,247,530,7,98,0,36,38,42,101,003701,3
957,899,161,537,3,153,2,43,58,42,101,003701,4
1201,1152,217,767,10,92,1,65,49,42,101,003701,5
534,497,413,28,0,45,0,11,37,42,101,000102,4
1300,1219,1032,57,3,100,1,26,81,42,101,000102,1
16,13,11,2,0,0,0,0,3,42,101,000102,2
854,828,716,30,2,74,0,6,26,42,101,000102,3
622,588,495,20,1,52,0,20,34,42,101,000102,5
1899,1819,374,65,1,1359,0,20,80,42,101,000200,1
548,526,273,37,1,206,0,9,22,42,101,000200,2
461,441,112,127,2,194,0,6,20,42,101,000200,3
33,32,22,8,0,0,0,2,1,42,101,000200,4
1232,1166,971,66,0,111,1,17,66,42,101,000300,1
191,177,126,11,0,37,0,3,14,42,101,000300,2
1058,995,762,55,0,157,1,20,63,42,101,000300,3
715,650,466,54,0,100,0,30,65,42,101,000300,4
984,951,639,113,0,193,1,5,33,42,101,000300,5
1233,1153,865,85,2,184,0,17,80,42,101,000401,1
736,690,425,90,0,153,0,22,46,42,101,000401,2
1003,939,439,71,3,420,0,6,64,42,101,000401,3
19,12,11,0,1,0,0,0,7,42,101,000403,1
1075,1019,775,70,2,166,0,6,56,42,101,000403,2
1027,983,842,26,4,100,0,11,44,42,101,000404,1
1995,1911,1627,70,0,206,0,8,84,42,101,000404,2
691,653,503,23,0,109,0,18,38,42,101,000404,3
787,760,440,179,1,122,0,18,27,42,101,000500,1
33,33,12,20,1,0,0,0,0,42,101,000500,2
1023,960,647,48,3,242,0,20,63,42,101,000500,3
1646,1610,721,606,3,274,0,6,36,42,101,000500,4
1128,1051,784,57,3,173,0,34,77,42,101,000600,1
1125,1007,789,51,0,145,0,22,118,42,101,000600,2
1251,1201,437,314,2,413,0,35,50,42,101,003702,1
1125,1078,361,522,3,137,0,55,47,42,101,003702,2
501,475,118,248,0,82,0,27,26,42,101,003702,3
785,760,721,9,0,13,1,16,25,42,101,003800,1
764,741,620,22,0,80,0,19,23,42,101,003800,2
772,751,668,7,0,71,0,5,21,42,101,003800,3
9,9,8,1,0,0,0,0,0,42,101,003800,4
849,822,751,19,0,44,0,8,27,42,101,003800,5
1250,1180,691,127,3,299,0,60,70,42,101,003901,1
1116,1066,901,33,4,99,0,29,50,42,101,003901,2
1426,1313,286,655,14,30,0,328,113,42,101,030200,2
1015,904,252,475,18,41,1,117,111,42,101,030200,3
1695,1542,313,804,4,34,1,386,153,42,101,030200,4
1135,978,205,518,1,122,0,132,157,42,101,030501,1
1239,1106,153,638,5,109,0,201,133,42,101,030501,2
1586,1399,159,907,1,107,2,223,187,42,101,030501,3
900,843,156,468,1,55,0,163,57,42,101,030502,1
984,909,142,561,8,57,0,141,75,42,101,030502,2
773,728,174,407,8,53,0,86,45,42,101,030502,3
1072,985,121,595,7,110,2,150,87,42,101,030502,4
549,503,126,217,2,55,4,99,46,42,101,030502,5
1123,1036,318,504,4,47,0,163,87,42,101,030600,1
1493,1369,727,384,9,111,5,133,124,42,101,030600,2
1470,1352,562,504,0,94,2,190,118,42,101,030600,3
1493,1287,373,571,6,119,2,216,206,42,101,030600,4
997,934,448,339,0,46,0,101,63,42,101,030700,1
573,503,201,165,7,39,0,91,70,42,101,030700,2
1382,1296,500,552,4,90,0,150,86,42,101,030700,3
634,588,278,125,5,116,0,64,46,42,101,030800,1
794,719,411,148,6,59,1,94,75,42,101,030800,2
1409,1269,445,350,5,321,0,148,140,42,101,030800,3
1071,989,408,275,1,218,2,85,82,42,101,030800,4
1306,1194,288,453,0,269,0,184,112,42,101,030900,1
736,643,122,336,0,80,0,105,93,42,101,030900,2
991,885,210,357,0,164,0,154,106,42,101,030900,3
1128,1009,308,236,8,227,6,224,119,42,101,031000,1
1590,1451,324,435,20,443,10,219,139,42,101,031000,2
1014,929,350,168,11,225,3,172,85,42,101,031000,3
1696,1571,513,332,12,537,6,171,125,42,101,031000,4
933,813,164,346,13,131,0,159,120,42,101,031101,1
560,510,112,232,4,56,0,106,50,42,101,031101,2
652,609,495,30,2,79,1,2,43,42,101,000701,1
830,792,641,74,0,68,0,9,38,42,101,000701,2
1156,1088,775,47,5,244,0,17,68,42,101,000701,3
684,662,553,30,0,66,0,13,22,42,101,000702,1
1259,1170,756,58,1,325,1,29,89,42,101,000702,2
620,590,14,546,2,8,0,20,30,42,101,028100,3
1051,1017,12,966,4,6,1,28,34,42,101,028000,4
1313,1276,57,1159,1,23,1,35,37,42,101,028100,1
713,680,12,644,6,5,0,13,33,42,101,028100,2
1005,963,42,857,3,4,0,57,42,42,101,028200,1
1158,1126,69,920,3,103,0,31,32,42,101,028200,2
1492,1457,57,1235,2,125,0,38,35,42,101,028200,3
559,530,12,440,1,53,2,22,29,42,101,028300,1
543,525,25,482,0,5,2,11,18,42,101,028300,2
676,654,43,535,1,30,0,45,22,42,101,028300,3
1215,1144,31,988,4,23,3,95,71,42,101,028300,4
671,649,22,535,1,54,1,36,22,42,101,028300,5
559,540,13,491,0,27,0,9,19,42,101,028300,6
579,556,27,346,0,154,0,29,23,42,101,028300,7
859,814,30,699,10,12,0,63,45,42,101,028400,1
689,654,19,521,9,11,0,94,35,42,101,028400,2
721,676,21,532,3,1,0,119,45,42,101,028400,3
510,458,50,228,3,10,0,167,52,42,101,028400,4
1691,1563,96,800,10,218,0,439,128,42,101,028500,1
1166,1055,94,477,13,169,1,301,111,42,101,028600,1
1059,961,54,588,7,52,1,259,98,42,101,028600,2
1727,1564,142,845,20,87,1,469,163,42,101,028600,3
740,666,42,331,5,120,1,167,74,42,101,028600,4
1001,825,101,249,15,20,0,440,176,42,101,028700,1
720,602,94,140,11,9,0,348,118,42,101,028700,2
1182,1037,135,321,15,135,4,427,145,42,101,028800,1
563,493,80,105,4,69,1,234,70,42,101,028800,2
1263,1060,196,288,21,20,4,531,203,42,101,028800,3
1044,899,123,264,15,108,1,388,145,42,101,028901,1
626,526,80,127,15,16,2,286,100,42,101,028901,2
1110,961,157,249,9,25,0,521,149,42,101,028901,3
795,698,170,196,11,8,3,310,97,42,101,028902,1
1020,930,165,240,4,110,2,409,90,42,101,028902,2
1099,988,120,355,9,79,1,424,111,42,101,028902,3
883,753,96,212,5,103,2,335,130,42,101,028902,4
555,487,47,174,5,58,0,203,68,42,101,028902,5
1155,1053,415,212,5,184,0,237,102,42,101,031700,4
1025,939,327,301,6,99,0,206,86,42,101,031700,1
1263,1142,413,253,16,162,3,295,121,42,101,031700,2
525,475,177,131,2,62,1,102,50,42,101,031700,3
869,777,345,199,10,48,0,175,92,42,101,031700,5
1047,954,255,358,13,104,0,224,93,42,101,031800,1
843,741,191,293,8,41,0,208,102,42,101,031800,2
531,469,99,205,6,38,0,121,62,42,101,031800,3
613,543,110,307,1,11,0,114,70,42,101,031800,4
871,803,309,264,13,50,1,166,68,42,101,031900,1
807,752,381,235,4,19,0,113,55,42,101,031900,2
651,601,261,128,6,20,0,186,50,42,101,031900,3
556,519,241,164,0,16,0,98,37,42,101,031900,4
843,754,259,323,5,21,2,144,89,42,101,031900,5
668,625,352,118,1,31,0,123,43,42,101,032000,1
755,718,354,188,0,30,0,146,37,42,101,032000,2
770,680,387,154,5,27,1,106,90,42,101,032000,3
696,633,288,161,2,30,0,152,63,42,101,032000,4
833,742,387,190,2,25,0,138,91,42,101,032000,5
822,750,404,181,5,33,0,127,72,42,101,032000,6
773,702,352,216,3,32,0,99,71,42,101,032000,7
1070,974,467,290,9,34,0,174,96,42,101,032100,1
802,741,364,192,10,31,0,144,61,42,101,032100,2
1049,966,472,281,2,41,1,169,83,42,101,032100,3
534,480,234,117,3,16,0,110,54,42,101,032300,1
1067,964,405,347,5,31,0,176,103,42,101,032300,2
1350,1257,619,406,7,20,0,205,93,42,101,032300,3
884,821,526,146,7,35,0,107,63,42,101,032500,1
1883,1736,869,508,7,58,3,291,147,42,101,032500,2
1830,1723,983,502,11,33,0,194,107,42,101,032500,3
2142,1972,1014,520,4,138,1,295,170,42,101,032600,1
2071,1942,1092,381,4,152,1,312,129,42,101,032600,2
1405,1269,821,246,6,28,0,168,136,42,101,032600,3
1194,1173,9,1145,2,4,0,13,21,42,101,016902,3
909,872,23,830,0,1,2,16,37,42,101,016901,3
937,920,11,885,3,6,4,11,17,42,101,016902,1
627,581,18,551,1,2,2,7,46,42,101,016902,2
1023,986,17,957,0,1,0,11,37,42,101,016902,4
1210,1158,426,643,0,67,3,19,52,42,101,017000,1
349,332,2,326,0,4,0,0,17,42,101,017000,2
1097,1050,334,654,1,47,0,14,47,42,101,017000,3
546,534,18,498,0,0,0,18,12,42,101,017100,1
637,624,4,613,2,1,0,4,13,42,101,017100,2
1143,1104,13,1057,3,10,3,18,39,42,101,017100,3
574,556,10,545,0,1,0,0,18,42,101,017100,4
694,667,7,652,3,0,0,5,27,42,101,017201,1
747,730,13,701,1,2,0,13,17,42,101,017201,2
794,771,17,738,2,7,0,7,23,42,101,017201,3
837,817,11,790,0,3,0,13,20,42,101,017202,1
711,693,24,662,1,0,0,6,18,42,101,017202,2
558,542,3,522,1,1,0,15,16,42,101,017202,3
719,688,11,663,1,2,0,11,31,42,101,017202,4
810,790,20,752,0,4,0,14,20,42,101,017300,1
437,417,9,384,0,10,0,14,20,42,101,017300,2
911,878,9,847,1,5,0,16,33,42,101,017300,3
879,831,23,717,1,5,0,85,48,42,101,017400,1
829,798,20,725,8,12,0,33,31,42,101,017400,2
1141,1020,114,402,23,7,0,474,121,42,101,017500,1
709,614,86,125,1,8,2,392,95,42,101,017500,2
613,546,63,245,14,10,2,212,67,42,101,017500,3
556,485,46,153,2,7,0,277,71,42,101,017500,4
988,873,106,293,7,14,0,453,115,42,101,017500,5
833,724,92,205,18,13,1,395,109,42,101,017500,6
1535,1281,207,171,21,12,10,860,254,42,101,017601,1
1152,1031,156,136,10,16,2,711,121,42,101,017601,2
1002,877,171,98,17,7,2,582,125,42,101,017601,3
1065,951,179,169,8,16,1,578,114,42,101,017602,1
530,465,75,86,0,5,0,299,65,42,101,017602,2
991,837,134,182,10,7,4,500,154,42,101,017602,3
1248,1159,979,36,0,133,0,11,89,42,101,000803,2
464,418,345,12,0,49,0,12,46,42,101,000801,1
1111,1069,929,40,4,91,0,5,42,42,101,000801,2
831,769,641,26,2,82,1,17,62,42,101,000803,1
878,844,737,16,0,83,0,8,34,42,101,000803,3
1325,1297,1121,29,0,109,0,38,28,42,101,000803,4
1838,1738,1433,53,1,185,0,66,100,42,101,000805,1
644,593,449,48,0,87,0,9,51,42,101,000805,2
1409,1331,1120,52,3,132,0,24,78,42,101,000806,1
1149,1072,896,37,0,121,0,18,77,42,101,000806,2
1184,1124,778,192,2,129,0,23,60,42,101,000901,1
1142,1063,796,104,0,134,0,29,79,42,101,000901,2
1395,1341,833,63,3,424,0,18,54,42,101,000902,1
1327,1262,935,81,2,232,0,12,65,42,101,000902,2
1009,953,808,48,3,70,0,24,56,42,101,001001,1
0,0,0,0,0,0,0,0,0,42,101,001001,2
1728,1681,1555,25,1,98,0,2,47,42,101,001001,3
2064,1995,1781,104,3,94,0,13,69,42,101,001002,1
606,576,530,9,0,26,0,11,30,42,101,001002,2
245,244,123,113,1,3,0,4,1,42,101,001002,3
1330,1260,1106,38,0,105,0,11,70,42,101,001002,4
1148,1084,626,340,6,79,0,33,64,42,101,001101,1
1086,1024,800,95,2,109,0,18,62,42,101,001101,2
1036,940,776,46,2,89,0,27,96,42,101,001101,3
756,714,542,101,0,48,0,23,42,42,101,001101,4
1602,1502,1298,53,0,128,2,21,100,42,101,001102,1
474,445,359,24,0,48,1,13,29,42,101,001102,2
473,445,380,20,0,42,0,3,28,42,101,001102,3
716,652,573,5,1,56,0,17,64,42,101,001201,1
969,924,836,23,1,49,0,15,45,42,101,001201,2
905,840,703,30,2,94,0,11,65,42,101,001201,3
814,742,668,12,0,57,0,5,72,42,101,001201,4
457,434,70,333,0,12,0,19,23,42,101,013800,1
1168,1083,527,483,4,43,2,24,85,42,101,013702,2
873,840,65,715,9,35,0,16,33,42,101,014800,1
516,498,19,452,4,3,0,20,18,42,101,014900,1
368,356,31,310,0,7,0,8,12,42,101,014900,2
458,440,28,380,0,17,0,15,18,42,101,014900,3
512,498,41,437,5,3,0,12,14,42,101,014900,4
669,623,533,22,0,37,0,31,46,42,101,002400,1
968,917,464,351,3,69,0,30,51,42,101,002200,3
971,914,644,59,8,116,0,87,57,42,101,002300,1
1611,1498,1147,56,6,217,0,72,113,42,101,002300,2
1199,1112,713,53,6,241,0,99,87,42,101,002400,2
1245,1147,849,43,8,193,0,54,98,42,101,002400,3
638,589,346,18,6,167,1,51,49,42,101,002400,4
1022,952,614,176,8,98,0,56,70,42,101,002400,5
1090,1011,610,263,0,108,0,30,79,42,101,002500,1
761,719,627,28,2,42,0,20,42,42,101,002500,2
646,611,370,104,1,100,1,35,35,42,101,002500,3
968,898,428,326,5,94,1,44,70,42,101,002500,4
1828,1700,868,220,17,335,0,260,128,42,101,002701,1
1628,1515,819,213,20,322,1,140,113,42,101,002701,2
1872,1789,1628,39,3,85,0,34,83,42,101,002702,1
1714,1624,1429,69,5,90,0,31,90,42,101,002702,2
1737,1635,823,81,12,423,1,295,102,42,101,002801,1
1733,1583,719,83,21,426,0,334,150,42,101,002801,2
799,767,186,560,3,9,0,9,32,42,101,013702,3
782,714,459,209,2,24,1,19,68,42,101,013702,4
1309,1210,455,704,1,35,0,15,99,42,101,013800,2
313,308,5,293,2,0,0,8,5,42,101,013900,1
896,846,96,689,8,16,0,37,50,42,101,013900,2
804,778,417,274,1,43,0,43,26,42,101,013900,3
2028,1889,928,689,2,199,3,68,139,42,101,014000,1
719,646,218,363,1,30,0,34,73,42,101,014000,2
1970,1858,697,757,0,357,0,47,112,42,101,014000,3
1925,1811,742,643,3,174,1,248,114,42,101,014100,1
705,668,38,575,4,36,1,14,37,42,101,014100,2
1368,1273,1030,102,0,86,3,52,95,42,101,014201,1
1770,1645,1381,94,2,116,2,50,125,42,101,014201,2
1394,1279,1079,78,4,84,0,34,115,42,101,014202,1
81,75,55,9,0,4,0,7,6,42,101,014202,2
695,680,454,39,1,172,2,12,15,42,101,014202,3
326,294,253,8,0,31,0,2,32,42,101,014300,1
1394,1312,1172,44,1,77,0,18,82,42,101,014300,2
770,676,420,77,6,51,0,122,94,42,101,014400,1
1139,1003,617,245,5,42,0,94,136,42,101,014400,2
1751,1606,1285,100,6,145,0,70,145,42,101,014400,3
852,795,597,79,0,64,0,55,57,42,101,014400,4
1496,1431,480,672,12,178,1,88,65,42,101,014500,1
790,704,207,326,0,81,0,90,86,42,101,014500,2
2421,2287,870,1058,6,252,2,99,134,42,101,014600,1
4657,4587,2043,1266,5,852,85,336,70,42,101,014600,2
1166,1119,401,614,1,80,0,23,47,42,101,014700,1
2934,2755,1332,825,1,456,29,112,179,42,101,014700,2
1547,1494,1068,33,11,260,1,121,53,42,101,002802,1
1418,1366,1206,15,20,101,1,23,52,42,101,002802,2
1559,1455,1001,24,12,300,0,118,104,42,101,002802,3
1299,1223,1092,29,2,80,0,20,76,42,101,002900,1
702,646,558,16,2,53,0,17,56,42,101,002900,2
1747,1663,1483,35,2,101,0,42,84,42,101,002900,3
596,575,215,35,5,293,0,27,21,42,101,003001,1
656,640,337,35,1,235,0,32,16,42,101,003001,2
865,824,302,97,7,373,0,45,41,42,101,003001,3
862,833,231,199,0,372,0,31,29,42,101,003001,4
501,470,176,112,2,159,0,21,31,42,101,003001,5
815,751,391,220,6,86,0,48,64,42,101,003002,1
731,692,315,316,3,33,0,25,39,42,101,003002,2
754,691,403,229,6,41,0,12,63,42,101,003002,3
723,677,566,76,2,30,0,3,46,42,101,025700,1
876,842,431,390,0,14,0,7,34,42,101,025600,1
617,581,292,260,2,16,1,10,36,42,101,025600,2
728,680,406,243,2,13,0,16,48,42,101,025600,3
599,554,478,49,3,8,1,15,45,42,101,025700,2
642,607,181,364,0,53,0,9,35,42,101,025700,3
1049,993,384,521,4,64,0,20,56,42,101,025700,4
1420,1357,56,1266,4,10,0,21,63,42,101,025800,1
606,594,15,560,6,5,0,8,12,42,101,025900,1
612,597,6,573,3,0,0,15,15,42,101,025900,2
660,644,16,610,1,0,0,17,16,42,101,025900,3
712,690,17,665,1,1,0,6,22,42,101,025900,4
1247,1194,18,1147,1,3,0,25,53,42,101,025900,5
662,627,8,603,2,8,0,6,35,42,101,026000,1
671,647,14,629,0,0,0,4,24,42,101,026000,2
972,947,14,908,2,15,0,8,25,42,101,026000,3
909,878,26,840,5,3,0,4,31,42,101,026100,1
563,551,15,516,5,7,0,8,12,42,101,026100,2
1115,1077,17,1044,5,5,0,6,38,42,101,026100,3
548,531,7,506,3,1,0,14,17,42,101,026200,1
734,710,9,689,4,6,0,2,24,42,101,026200,2
962,947,16,921,0,0,0,10,15,42,101,026200,3
1121,1078,21,1040,0,2,0,15,43,42,101,026200,4
960,937,21,899,0,0,0,17,23,42,101,026301,1
702,683,8,665,3,0,0,7,19,42,101,026301,2
754,739,14,716,0,3,0,6,15,42,101,026301,3
595,592,9,561,3,6,0,13,3,42,101,026301,4
1128,1091,13,1061,4,4,0,9,37,42,101,026302,1
1075,1049,12,998,8,16,1,14,26,42,101,026302,2
591,579,19,531,2,7,1,19,12,42,101,026302,3
1491,1441,11,1396,5,9,0,20,50,42,101,026302,4
1810,1749,11,1713,7,3,0,15,61,42,101,026400,1
1024,984,12,960,3,4,0,5,40,42,101,026400,2
1379,1340,15,1311,1,3,0,10,39,42,101,026400,3
2456,2269,1765,148,6,181,3,166,187,42,101,016100,1
617,592,538,27,1,14,0,12,25,42,101,016002,3
838,781,704,22,0,34,1,20,57,42,101,016002,4
823,775,709,11,0,34,0,21,48,42,101,016002,5
676,651,537,49,2,27,0,36,25,42,101,016100,2
829,764,425,63,1,175,1,99,65,42,101,016100,3
1685,1551,925,144,1,301,0,180,134,42,101,016100,4
612,488,88,177,9,10,0,204,124,42,101,016200,1
924,745,256,110,8,25,0,346,179,42,101,016200,2
638,538,111,88,8,5,0,326,100,42,101,016300,1
714,602,161,101,9,25,1,305,112,42,101,016300,2
1067,935,170,230,13,159,1,362,132,42,101,016300,3
821,692,107,233,13,4,1,334,129,42,101,016400,1
428,340,49,128,0,11,2,150,88,42,101,016400,2
1024,910,67,453,22,14,3,351,114,42,101,016400,3
732,644,60,319,5,3,1,256,88,42,101,016400,4
918,856,50,704,9,14,0,79,62,42,101,016500,1
852,823,14,742,0,3,0,64,29,42,101,016500,2
1001,937,158,702,3,43,0,31,64,42,101,016600,1
539,512,148,277,4,57,2,24,27,42,101,016600,2
629,600,11,577,0,1,0,11,29,42,101,016701,1
500,485,24,440,2,0,0,19,15,42,101,016701,2
940,917,50,844,1,5,0,17,23,42,101,016701,3
435,431,6,406,1,3,0,15,4,42,101,016702,1
536,518,12,482,1,10,0,13,18,42,101,016702,2
657,631,51,547,3,20,0,10,26,42,101,016702,3
575,557,80,428,2,17,0,30,18,42,101,016702,4
1180,1149,17,1111,0,3,0,18,31,42,101,016800,1
929,883,15,828,11,9,0,20,46,42,101,016800,2
535,503,23,469,3,0,0,8,32,42,101,016800,3
834,819,33,765,0,6,1,14,15,42,101,016901,1
644,638,9,610,9,1,2,7,6,42,101,016901,2
996,938,41,878,2,4,5,8,58,42,101,024400,3
1524,1471,127,1282,4,27,0,31,53,42,101,024500,1
1626,1555,100,1409,2,3,1,40,71,42,101,024500,2
624,592,91,479,3,3,1,15,32,42,101,024600,1
869,839,28,767,2,5,2,35,30,42,101,024600,2
665,653,50,577,1,15,0,10,12,42,101,024600,3
1196,1126,155,940,6,7,0,18,70,42,101,024700,1
1192,1143,60,1028,7,9,0,39,49,42,101,024700,2
921,893,23,833,2,5,0,30,28,42,101,024700,3
577,549,11,533,2,1,0,2,28,42,101,024800,1
844,801,23,766,1,1,0,10,43,42,101,024800,2
643,614,49,523,5,31,0,6,29,42,101,010600,2
1349,1304,43,1217,4,24,3,13,45,42,101,010500,2
486,467,36,380,2,35,0,14,19,42,101,010600,1
914,866,93,729,5,29,0,10,48,42,101,010700,1
740,710,42,657,3,6,0,2,30,42,101,010700,2
929,882,44,821,1,6,0,10,47,42,101,010700,3
1210,1158,247,819,1,62,6,23,52,42,101,010800,1
981,925,199,616,2,91,0,17,56,42,101,010800,2
863,829,63,732,2,19,0,13,34,42,101,010800,3
788,751,172,518,7,46,0,8,37,42,101,010900,1
534,510,175,288,0,39,0,8,24,42,101,010900,2
823,779,294,361,0,109,0,15,44,42,101,010900,3
417,390,33,347,1,4,0,5,27,42,101,011000,1
618,599,50,540,0,3,1,5,19,42,101,011000,2
704,673,44,599,0,6,3,21,31,42,101,011000,3
909,879,38,819,3,0,0,19,30,42,101,011000,4
359,353,1,349,0,0,0,3,6,42,101,011100,1
805,784,7,760,0,3,0,14,21,42,101,011100,2
610,587,40,535,3,1,0,8,23,42,101,011100,3
751,729,83,626,7,7,0,6,22,42,101,025400,3
1108,1039,164,850,2,13,0,10,69,42,101,025400,4
567,547,245,271,3,18,0,10,20,42,101,025500,1
975,919,306,581,3,14,1,14,56,42,101,025500,2
628,587,314,251,2,13,0,7,41,42,101,025500,3
862,839,9,796,9,8,0,17,23,42,101,024900,1
448,436,6,420,2,2,0,6,12,42,101,024900,2
496,485,11,463,3,2,0,6,11,42,101,024900,3
653,621,32,573,3,1,0,12,32,42,101,024900,4
703,666,40,605,0,4,0,17,37,42,101,025200,1
597,580,68,485,11,4,0,12,17,42,101,025200,2
689,647,42,586,6,0,0,13,42,42,101,025200,3
921,889,39,829,0,1,0,20,32,42,101,025200,4
688,648,39,588,0,4,1,16,40,42,101,025200,5
1081,1048,147,866,2,19,0,14,33,42,101,025200,6
837,807,40,738,8,3,3,15,30,42,101,025200,7
770,741,59,658,4,6,0,14,29,42,101,025300,1
580,547,69,460,1,9,1,7,33,42,101,025300,2
580,542,59,450,5,13,0,15,38,42,101,025300,3
558,528,99,409,3,12,0,5,30,42,101,025300,4
488,461,58,394,1,1,0,7,27,42,101,025300,5
610,586,17,540,2,17,0,10,24,42,101,025400,1
988,957,88,848,1,8,0,12,31,42,101,025400,2
952,931,11,891,5,7,0,17,21,42,101,011100,4
442,429,7,418,0,0,0,4,13,42,101,011200,1
558,545,3,538,1,0,0,3,13,42,101,011200,2
627,619,7,607,4,0,0,1,8,42,101,011200,3
679,645,2,618,3,9,0,13,34,42,101,011200,4
714,678,317,90,2,144,0,125,36,42,101,031502,2
1086,993,455,93,0,290,0,155,93,42,101,031502,3
720,672,336,46,0,186,0,104,48,42,101,031600,1
609,563,272,59,1,142,0,89,46,42,101,031600,2
517,487,140,194,1,45,0,107,30,42,101,031600,3
595,551,213,91,4,88,0,155,44,42,101,031600,4
718,672,325,69,0,157,0,121,46,42,101,031600,5
600,574,5,561,2,1,0,5,26,42,101,011200,5
578,562,14,537,2,1,0,8,16,42,101,011200,6
586,567,3,552,0,9,0,3,19,42,101,011200,7
840,821,3,814,0,1,0,3,19,42,101,011300,1
630,605,12,584,1,4,0,4,25,42,101,011300,2
746,727,9,703,1,0,1,13,19,42,101,011300,3
1013,966,54,880,6,10,0,16,47,42,101,011400,1
604,574,7,553,0,4,0,10,30,42,101,011400,2
630,619,8,605,0,2,0,4,11,42,101,011400,3
642,595,118,327,0,41,0,109,47,42,101,031102,2
1030,969,245,403,6,128,0,187,61,42,101,031101,3
1145,1040,155,474,7,160,0,244,105,42,101,031101,4
596,537,78,278,9,43,1,128,59,42,101,031102,1
848,788,136,360,2,80,0,210,60,42,101,031102,3
1165,1094,173,595,2,110,5,209,71,42,101,031102,4
844,757,126,413,0,78,0,140,87,42,101,031200,1
1527,1395,288,587,13,239,0,268,132,42,101,031200,2
1042,933,208,493,15,54,0,163,109,42,101,031200,3
1969,1688,505,431,18,444,0,290,281,42,101,031300,1
2041,1756,403,405,20,633,3,292,285,42,101,031300,2
1291,1103,238,354,13,253,3,242,188,42,101,031300,3
2088,1844,478,414,25,439,2,486,244,42,101,031401,1
1194,1020,283,160,8,396,0,173,174,42,101,031401,2
2009,1766,456,307,13,544,1,445,243,42,101,031401,3
1078,968,274,149,1,355,0,189,110,42,101,031402,1
1308,1181,206,197,0,563,0,215,127,42,101,031402,2
1999,1801,508,155,24,759,0,355,198,42,101,031402,3
1188,1109,572,101,2,260,2,172,79,42,101,031501,1
2674,2510,1333,232,10,593,3,339,164,42,101,031501,2
1443,1353,670,108,3,382,0,190,90,42,101,031501,3
1562,1442,645,150,4,371,0,272,120,42,101,031502,1
776,729,367,98,5,145,0,114,47,42,101,031600,6
936,866,398,89,0,227,0,152,70,42,101,031600,7
904,865,15,830,6,5,0,9,39,42,101,038900,2
824,808,39,742,1,10,2,14,16,42,101,038900,3
719,656,139,422,3,18,1,73,63,42,101,039001,1
852,785,106,459,8,31,1,180,67,42,101,039001,2
628,539,84,304,0,16,0,135,89,42,101,039001,3
571,549,93,313,2,30,6,105,22,42,101,039001,4
17,9,0,8,0,1,0,0,8,42,101,039002,1
959,823,137,460,0,51,1,174,136,42,101,039002,2
741,644,99,397,3,10,0,135,97,42,101,039002,3
1406,1248,202,794,1,66,0,185,158,42,101,039002,4
0,0,0,0,0,0,0,0,0,42,101,039100,1
677,653,15,625,0,0,0,13,24,42,101,039100,2
560,521,17,480,4,11,0,9,39,42,101,039100,3
469,460,19,418,3,1,0,19,9,42,101,039100,4
0,0,0,0,0,0,0,0,0,42,101,980001,1
0,0,0,0,0,0,0,0,0,42,101,980001,2
4,2,0,0,0,2,0,0,2,42,101,980002,1
0,0,0,0,0,0,0,0,0,42,101,980002,2
0,0,0,0,0,0,0,0,0,42,101,980003,1
17,16,0,16,0,0,0,0,1,42,101,980003,2
38,38,32,6,0,0,0,0,0,42,101,980100,1
323,318,283,32,2,1,0,0,5,42,101,980200,1
0,0,0,0,0,0,0,0,0,42,101,980300,1
0,0,0,0,0,0,0,0,0,42,101,980300,2
2,2,2,0,0,0,0,0,0,42,101,980300,3
0,0,0,0,0,0,0,0,0,42,101,980400,1
2,0,0,0,0,0,0,0,2,42,101,980500,1
0,0,0,0,0,0,0,0,0,42,101,980600,1
1536,1454,1122,51,0,254,0,27,82,42,101,035702,1
1763,1702,1185,169,3,304,0,41,61,42,101,035602,2
2262,2114,1307,91,11,645,1,59,148,42,101,035701,1
1992,1802,766,110,6,873,0,47,190,42,101,035701,2
2390,2238,1814,57,1,313,2,51,152,42,101,035702,2
1616,1534,1073,124,2,298,0,37,82,42,101,035800,1
1124,1068,832,63,4,122,4,43,56,42,101,035800,2
2347,2244,1707,75,7,409,0,46,103,42,101,035800,3
2177,2079,1637,73,5,308,0,56,98,42,101,035900,1
2326,2226,1610,94,3,426,2,91,100,42,101,035900,2
947,907,586,105,0,169,0,47,40,42,101,036000,1
1763,1701,898,144,3,625,0,31,62,42,101,036000,2
0,0,0,0,0,0,0,0,0,42,101,036000,3
777,721,341,276,1,31,0,72,56,42,101,036100,1
890,832,718,16,6,43,0,49,58,42,101,036100,2
1492,1402,1151,174,4,26,0,47,90,42,101,036100,3
1342,1273,989,191,8,22,0,63,69,42,101,036201,1
656,635,574,26,6,12,0,17,21,42,101,036201,2
1148,1103,959,57,4,38,0,45,45,42,101,036201,3
988,947,808,68,4,36,0,31,41,42,101,036201,4
1777,1710,1573,35,0,71,0,31,67,42,101,036202,1
1077,1025,728,172,1,81,0,43,52,42,101,036202,2
2021,1921,1594,198,4,73,0,52,100,42,101,036202,3
1217,1132,929,77,0,59,1,66,85,42,101,036203,1
859,831,670,64,0,67,0,30,28,42,101,036203,2
1962,1920,1796,17,2,71,2,32,42,42,101,036203,3
1658,1572,1232,86,6,170,0,78,86,42,101,036301,1
1332,1260,915,92,5,217,0,31,72,42,101,036301,2
1090,1001,639,268,0,34,0,60,89,42,101,036302,1
1654,1553,1135,201,7,97,0,113,101,42,101,036302,2
1725,1632,1400,78,5,80,5,64,93,42,101,036303,1
1110,1064,968,30,1,31,0,34,46,42,101,036303,2
1254,1199,1115,20,0,49,0,15,55,42,101,036303,3
1139,1088,1023,20,2,34,1,8,51,42,101,036303,4
941,906,736,122,2,31,0,15,35,42,101,036400,1
1844,1758,1430,148,4,113,0,63,86,42,101,036501,1
788,759,661,18,1,69,0,10,29,42,101,036501,2
954,896,482,340,0,54,0,20,58,42,101,007900,4
921,859,551,163,0,117,0,28,62,42,101,007900,1
1209,1109,755,195,2,135,0,22,100,42,101,007900,2
915,834,535,233,4,39,0,23,81,42,101,007900,3
905,842,339,451,5,28,0,19,63,42,101,008000,1
813,762,312,415,2,20,0,13,51,42,101,008000,2
609,580,93,457,3,14,0,13,29,42,101,008000,3
968,913,156,713,3,22,2,17,55,42,101,008000,4
790,768,66,684,3,3,0,12,22,42,101,008101,1
1223,1162,28,1085,0,11,0,38,61,42,101,008101,2
644,609,1,585,6,12,0,5,35,42,101,008102,1
654,638,49,573,0,8,0,8,16,42,101,008102,2
1068,1011,38,944,2,11,1,15,57,42,101,008102,3
1342,1296,37,1234,8,7,3,7,46,42,101,008102,4
757,739,10,706,10,8,0,5,18,42,101,008200,1
786,750,15,710,12,6,0,7,36,42,101,008200,2
859,824,18,786,2,3,0,15,35,42,101,008200,3
610,591,14,571,2,0,1,3,19,42,101,008200,4
563,546,17,506,5,3,0,15,17,42,101,008200,5
1097,1047,20,998,3,4,0,22,50,42,101,008200,6
706,675,11,648,3,1,0,12,31,42,101,008200,7
1034,996,55,897,5,21,2,16,38,42,101,008301,1
1494,1428,195,1164,3,44,0,22,66,42,101,008301,2
925,894,18,846,6,18,0,6,31,42,101,008301,3
725,710,7,666,2,11,0,24,15,42,101,008302,1
1515,1456,127,1248,3,53,0,25,59,42,101,008302,2
722,690,17,643,0,18,0,12,32,42,101,008302,3
802,766,21,726,1,3,4,11,36,42,101,008302,4
835,791,23,732,6,15,0,15,44,42,101,008400,1
606,592,36,532,0,14,0,10,14,42,101,008400,2
514,494,9,476,0,7,0,2,20,42,101,008400,3
589,566,5,527,5,22,0,7,23,42,101,008400,4
520,511,14,484,0,6,0,7,9,42,101,008400,5
451,435,6,403,3,17,1,5,16,42,101,008400,6
561,520,99,397,1,13,0,10,41,42,101,008500,1
743,710,142,550,0,10,0,8,33,42,101,008500,2
818,704,93,136,10,58,0,407,114,42,101,019800,4
1249,1112,81,614,7,11,1,398,137,42,101,019800,1
757,644,63,217,4,50,1,309,113,42,101,019800,2
695,635,36,257,0,13,0,329,60,42,101,019800,3
608,541,55,168,9,11,1,297,67,42,101,019800,5
686,559,85,105,14,6,0,349,127,42,101,019900,1
868,727,80,210,13,7,1,416,141,42,101,019900,2
857,765,46,620,5,0,0,94,92,42,101,019900,3
802,686,78,332,8,0,0,268,116,42,101,019900,4
397,373,15,332,5,6,0,15,24,42,101,020000,1
591,565,59,415,1,53,0,37,26,42,101,020000,2
1286,1233,62,1060,12,30,0,69,53,42,101,020101,1
509,496,48,395,1,29,0,23,13,42,101,020101,2
1023,972,44,888,7,11,0,22,51,42,101,020101,3
651,635,30,554,2,11,0,38,16,42,101,020102,1
497,489,14,456,5,5,0,9,8,42,101,020102,2
696,680,7,645,2,7,3,16,16,42,101,020102,3
803,778,15,741,0,0,1,21,25,42,101,020102,4
1449,1397,52,1298,13,2,0,32,52,42,101,020200,1
409,395,11,364,1,6,0,13,14,42,101,020200,2
1257,1232,41,1163,1,0,0,27,25,42,101,020200,3
750,713,28,668,3,0,0,14,37,42,101,020200,4
1062,995,52,856,5,8,0,74,67,42,101,020300,1
1107,1039,56,878,4,10,0,91,68,42,101,020300,2
476,463,6,448,2,2,0,5,13,42,101,020400,1
521,501,14,457,2,3,2,23,20,42,101,020400,2
657,624,11,586,0,9,0,18,33,42,101,020400,3
591,572,14,537,0,11,0,10,19,42,101,020400,4
559,528,35,463,3,3,0,24,31,42,101,020500,1
1538,1493,25,1376,3,53,0,36,45,42,101,020500,2
1796,1696,931,554,0,151,2,58,100,42,101,020600,1
21,10,8,2,0,0,0,0,11,42,101,000101,1
0,0,0,0,0,0,0,0,0,42,101,000101,2
0,0,0,0,0,0,0,0,0,42,101,000101,3
1297,1223,1014,72,4,120,0,13,74,42,101,000101,4
907,856,747,32,0,63,0,14,51,42,101,000101,5
485,445,29,302,0,92,0,22,40,42,101,006300,1
656,630,31,372,2,168,0,57,26,42,101,006300,2
616,594,35,469,0,73,0,17,22,42,101,006300,3
1069,1033,37,905,0,52,0,39,36,42,101,006300,4
967,940,41,767,4,104,0,24,27,42,101,006400,1
910,892,50,777,0,58,0,7,18,42,101,006400,2
1395,1355,73,1072,4,187,0,19,40,42,101,006400,3
1105,1053,10,1009,0,13,0,21,52,42,101,006500,1
966,951,33,884,7,16,0,11,15,42,101,006500,2
1536,1489,12,1433,5,16,0,23,47,42,101,006500,3
618,588,25,475,3,56,1,28,30,42,101,006600,1
906,860,67,546,0,202,1,44,46,42,101,006600,2
1175,1129,17,1053,1,31,1,26,46,42,101,006600,3
1015,996,79,829,2,64,0,22,19,42,101,006700,1
930,882,64,700,0,76,0,42,48,42,101,006700,2
2122,2056,207,1477,4,327,0,41,66,42,101,006700,3
1298,1247,65,1093,8,68,0,13,51,42,101,006700,4
704,655,285,276,0,79,0,15,49,42,101,020702,1
1096,1010,775,151,1,55,5,23,86,42,101,020701,1
1590,1492,1315,112,3,50,0,12,98,42,101,020701,2
759,708,71,581,3,36,0,17,51,42,101,005600,1
776,735,101,546,3,65,0,20,41,42,101,005500,2
734,709,49,606,0,38,0,16,25,42,101,005500,3
1332,1311,92,1130,1,67,0,21,21,42,101,005500,4
1806,1754,236,1394,7,86,0,31,52,42,101,006000,1
1136,1112,192,711,2,204,0,3,24,42,101,006000,2
558,546,28,478,0,23,0,17,12,42,101,006000,3
1005,987,94,793,1,83,0,16,18,42,101,006000,4
530,518,36,415,0,56,0,11,12,42,101,006000,5
1714,1659,158,1260,8,205,0,28,55,42,101,006100,1
794,777,101,592,0,77,3,4,17,42,101,006100,2
743,714,37,571,1,51,0,54,29,42,101,006200,1
710,691,48,604,0,24,0,15,19,42,101,006200,2
644,628,50,569,1,7,0,1,16,42,101,006200,3
1116,1090,70,894,2,97,0,27,26,42,101,006200,4
713,677,587,47,1,32,1,9,36,42,101,020701,3
1445,1379,1132,124,0,89,4,30,66,42,101,020702,2
779,745,397,273,1,41,0,33,34,42,101,020800,1
1577,1465,864,425,6,130,6,34,112,42,101,020800,2
577,558,491,48,0,16,0,3,19,42,101,020900,1
595,553,481,35,0,28,0,9,42,42,101,020900,2
660,622,533,44,5,23,0,17,38,42,101,020900,3
878,846,712,55,1,64,0,14,32,42,101,020900,4
964,917,821,61,2,22,0,11,47,42,101,021000,1
730,711,627,48,0,21,0,15,19,42,101,021000,2
887,843,750,44,0,36,0,13,44,42,101,021000,3
1494,1413,1232,79,2,69,0,31,81,42,101,021000,4
840,795,681,37,2,47,1,27,45,42,101,021000,5
1044,1000,819,87,1,61,0,32,44,42,101,021100,1
1197,1134,943,118,3,54,3,13,63,42,101,021100,2
1103,1029,812,156,0,52,0,9,74,42,101,021200,1
957,903,783,87,0,22,0,11,54,42,101,021200,2
590,561,490,46,0,12,0,13,29,42,101,021300,1
629,600,521,46,0,25,0,8,29,42,101,021300,2
589,552,501,24,0,12,0,15,37,42,101,021300,3
646,610,545,41,0,14,0,10,36,42,101,021300,4
659,619,568,32,0,16,0,3,40,42,101,021300,5
707,670,562,83,1,15,0,9,37,42,101,021400,1
622,587,511,34,1,31,0,10,35,42,101,021400,2
1061,1015,907,42,0,39,0,27,46,42,101,021400,3
945,886,787,56,1,25,0,17,59,42,101,021400,4
519,489,422,38,6,14,0,9,30,42,101,021400,5
1563,1466,1263,137,1,56,0,9,97,42,101,021500,1
2111,2009,1761,118,3,97,1,29,102,42,101,021500,2
829,779,624,76,4,57,0,18,50,42,101,021600,1
1142,1086,787,203,4,70,0,22,56,42,101,021600,2
1535,1482,1198,186,1,70,0,27,53,42,101,021700,1
1595,1515,1129,260,6,83,0,37,80,42,101,021700,2
938,888,51,502,5,258,0,72,50,42,101,027401,1
1576,1480,121,660,22,452,0,225,96,42,101,027300,3
1070,1006,53,642,5,225,0,81,64,42,101,027300,4
845,792,68,349,0,282,0,93,53,42,101,027401,2
698,676,52,441,5,110,0,68,22,42,101,027401,3
1076,1032,63,737,8,117,0,107,44,42,101,027402,1
2011,1891,158,1013,18,400,0,302,120,42,101,027402,2
1698,1588,147,1040,4,235,0,162,110,42,101,027402,3
1114,1067,96,773,1,118,0,79,47,42,101,027500,1
1026,979,107,623,7,170,0,72,47,42,101,027500,2
678,652,45,411,0,98,0,98,26,42,101,027500,3
622,600,50,466,0,48,0,36,22,42,101,027500,4
951,928,42,813,7,12,0,54,23,42,101,027600,1
454,436,10,408,0,4,2,12,18,42,101,027600,2
827,793,43,716,3,7,0,24,34,42,101,027600,3
644,621,21,583,0,8,0,9,23,42,101,027600,4
989,969,10,767,2,174,2,14,20,42,101,027700,1
715,710,20,671,4,1,0,14,5,42,101,027700,2
561,550,4,537,2,1,0,6,11,42,101,027700,3
530,509,10,485,3,3,0,8,21,42,101,027700,4
1009,979,20,922,4,12,0,21,30,42,101,027700,5
1254,1206,16,1150,0,10,2,28,48,42,101,027800,1
804,772,18,732,0,13,2,7,32,42,101,027800,2
630,603,6,575,1,9,0,12,27,42,101,027800,3
1040,1008,35,930,1,13,0,29,32,42,101,027800,4
611,589,7,561,11,1,0,9,22,42,101,027901,1
659,639,4,627,0,3,0,5,20,42,101,027901,2
520,505,12,480,1,5,0,7,15,42,101,027901,3
969,922,12,891,8,2,0,9,47,42,101,027901,4
1027,979,74,857,3,18,0,27,48,42,101,027902,1
2062,1975,917,752,6,177,0,123,87,42,101,027902,2
649,628,19,586,2,0,0,21,21,42,101,028000,1
586,560,12,523,4,0,0,21,26,42,101,028000,2
921,903,26,836,0,11,0,30,18,42,101,028000,3
775,740,645,14,1,73,0,7,35,42,101,001203,2
929,865,738,36,1,77,0,13,64,42,101,001203,1
1709,1616,1364,45,0,178,0,29,93,42,101,001204,1
1118,1047,882,61,0,87,1,16,71,42,101,001204,2
690,646,254,335,3,39,0,15,44,42,101,002100,1
1440,1360,734,496,5,86,0,39,80,42,101,002100,2
753,673,396,189,0,60,0,28,80,42,101,002200,1
587,550,297,212,2,27,0,12,37,42,101,002200,2
889,836,698,54,0,70,0,14,53,42,101,001204,3
748,692,506,117,5,62,0,2,56,42,101,001301,1
677,644,368,223,1,46,0,6,33,42,101,001301,2
689,652,477,106,0,55,0,14,37,42,101,001302,1
812,766,532,174,0,54,0,6,46,42,101,001302,2
736,681,463,138,0,62,0,18,55,42,101,001302,3
2030,1922,1521,92,0,302,0,7,108,42,101,001302,4
1446,1362,1099,139,1,107,0,16,84,42,101,001400,1
725,680,559,65,2,46,0,8,45,42,101,001400,2
1957,1856,1243,440,3,146,0,24,101,42,101,001400,3
942,893,751,37,0,89,0,16,49,42,101,001500,1
1880,1771,1216,298,0,226,0,31,109,42,101,001500,2
1075,1007,863,63,1,58,0,22,68,42,101,001600,1
1193,1103,999,25,1,55,0,23,90,42,101,001600,2
1109,1038,945,32,0,38,2,21,71,42,101,001700,1
1338,1265,1096,67,4,80,1,17,73,42,101,001700,2
1933,1817,1587,66,1,129,0,34,116,42,101,001800,1
976,911,523,279,0,96,0,13,65,42,101,001800,2
927,856,632,171,1,36,0,16,71,42,101,001900,1
1511,1422,1008,247,7,134,0,26,89,42,101,001900,2
1066,985,626,229,1,98,0,31,81,42,101,001900,3
1292,1245,575,580,2,58,0,30,47,42,101,002000,1
845,808,253,476,9,55,0,15,37,42,101,002000,2
